filename,width,height,class,xmin,ymin,xmax,ymax
dash_115_.jpg,1000,696,fadongji,313,115,362,154
dash_115_.jpg,1000,696,tingchezhidongdeng,666,110,716,151
dash_115_.jpg,1000,696,anquandai,422,611,455,655
dash_115_.jpg,1000,696,ranyou,256,223,281,253
dash_116_.jpg,822,464,ranyou,451,270,480,303
dash_116_.jpg,822,464,tingchezhidongdeng,45,379,94,410
dash_116_.jpg,822,464,ranyougai,730,204,763,229
dash_117_.jpg,1024,768,fadongji,295,615,342,650
dash_117_.jpg,1024,768,tingchezhidongdeng,520,616,559,649
dash_117_.jpg,1024,768,ranyou,914,540,954,577
dash_117_.jpg,1024,768,anquandai,28,378,69,420
dash_118_.jpg,1024,768,anquandai,529,329,562,377
dash_118_.jpg,1024,768,fadongji,770,570,817,609
dash_118_.jpg,1024,768,tingchezhidongdeng,994,589,1024,626
dash_119_.jpg,1024,768,anquandai,250,383,272,412
dash_119_.jpg,1024,768,tingchezhidongdeng,505,503,535,525
dash_119_.jpg,1024,768,fadongji,392,504,418,527
dash_119_.jpg,1024,768,ranyou,715,455,736,478
dash_119_.jpg,1024,768,ranyougai,871,424,887,441
dash_119_.jpg,1024,768,lengqueyegaowen,115,436,130,450
dash_120_.jpg,1024,768,anquandai,97,537,126,578
dash_120_.jpg,1024,768,ranyou,150,536,179,569
dash_120_.jpg,1024,768,linshitingche,117,123,160,164
dash_120_.jpg,1024,768,tingchezhidongdeng,290,127,330,163
dash_120_.jpg,1024,768,ranyougai,769,405,800,428
dash_120_.jpg,1024,768,dianchijingshi,31,411,51,424
dash_121_.jpg,1024,768,fadongji,358,162,404,193
dash_121_.jpg,1024,768,linshitingche,485,160,529,196
dash_121_.jpg,1024,768,tingchezhidongdeng,652,165,692,198
dash_121_.jpg,1024,768,anquandai,438,566,468,605
dash_121_.jpg,1024,768,ranyou,282,256,305,280
dash_121_.jpg,1024,768,linshitingche,354,253,381,278
dash_122_.jpg,1024,768,fadongji,800,147,841,179
dash_122_.jpg,1024,768,linshitingche,937,147,978,187
dash_122_.jpg,1024,768,anquandai,840,565,870,609
dash_122_.jpg,1024,768,ranyou,703,239,726,263
dash_122_.jpg,1024,768,lengqueyegaowen,264,403,289,432
dash_122_.jpg,1024,768,linshitingche,781,238,809,265
dash_123_.jpg,1024,768,fadongji,420,245,447,267
dash_123_.jpg,1024,768,linshitingche,504,245,529,267
dash_123_.jpg,1024,768,tingchezhidongdeng,608,247,635,270
dash_123_.jpg,1024,768,anquandai,470,502,488,531
dash_123_.jpg,1024,768,ranyou,502,504,523,528
dash_123_.jpg,1024,768,ranyougai,915,436,934,453
dash_123_.jpg,1024,768,ranyou,371,305,386,322
dash_123_.jpg,1024,768,lengqueyegaowen,79,427,103,446
dash_123_.jpg,1024,768,linshitingche,418,305,435,320
dash_124_.jpg,1024,768,fadongji,390,487,417,508
dash_124_.jpg,1024,768,tingchezhidongdeng,513,486,537,512
dash_124_.jpg,1024,768,anquandai,545,451,563,477
dash_124_.jpg,1024,768,ranyou,505,264,524,286
dash_124_.jpg,1024,768,ranyougai,905,422,925,438
dash_124_.jpg,1024,768,ranyou,356,287,369,303
dash_124_.jpg,1024,768,lengqueyegaowen,105,408,122,427
dash_124_.jpg,1024,768,chemenweiguan,419,284,431,300
dash_125_.jpg,1024,768,fadongji,432,250,456,269
dash_125_.jpg,1024,768,linshitingche,505,251,528,270
dash_125_.jpg,1024,768,anquandai,475,468,490,489
dash_125_.jpg,1024,768,ranyou,503,356,522,379
dash_125_.jpg,1024,768,ranyougai,859,419,879,434
dash_125_.jpg,1024,768,ranyou,390,297,402,311
dash_125_.jpg,1024,768,lengqueyegaowen,142,406,164,423
dash_125_.jpg,1024,768,linshitingche,430,298,447,312
dash_126_.jpg,1024,768,linshitingche,486,525,513,548
dash_126_.jpg,1024,768,anquandai,551,489,570,516
dash_126_.jpg,1024,768,ranyougai,935,456,959,472
dash_126_.jpg,1024,768,ranyou,357,315,373,330
dash_126_.jpg,1024,768,lengqueyegaowen,73,440,93,459
dash_126_.jpg,1024,768,chemenweiguan,511,297,524,315
dash_126_.jpg,1024,768,chemenweiguan,416,313,430,330
dash_127_.jpg,1024,768,anquandai,95,466,134,516
dash_127_.jpg,1024,768,ranyougai,743,389,779,416
dash_128_.jpg,1024,768,fadongji,293,582,340,622
dash_128_.jpg,1024,768,linshitingche,462,586,501,624
dash_128_.jpg,1024,768,anquandai,570,513,602,559
dash_128_.jpg,1024,768,ranyou,217,206,241,234
dash_128_.jpg,1024,768,chemenweiguan,340,207,358,239
dash_129_.jpg,1024,768,fadongji,745,550,789,589
dash_129_.jpg,1024,768,linshitingche,917,565,960,603
dash_129_.jpg,1024,768,ranyou,689,172,711,199
dash_129_.jpg,1024,768,lengqueyegaowen,235,386,267,413
dash_129_.jpg,1024,768,chemenweiguan,808,174,830,206
dash_130_.jpg,1024,768,fadongji,390,499,418,525
dash_130_.jpg,1024,768,linshitingche,494,497,518,521
dash_130_.jpg,1024,768,anquandai,559,451,582,480
dash_130_.jpg,1024,768,ranyougai,967,408,993,426
dash_130_.jpg,1024,768,ranyou,336,267,351,284
dash_130_.jpg,1024,768,lengqueyegaowen,46,423,65,441
dash_130_.jpg,1024,768,chemenweiguan,411,263,425,283
dash_131_.jpg,1024,768,anquandai,105,496,141,545
dash_131_.jpg,1024,768,linshitingche,1,575,36,617
dash_131_.jpg,1024,768,ranyougai,728,404,764,431
dash_132_.jpg,1024,768,fadongji,301,557,346,593
dash_132_.jpg,1024,768,linshitingche,471,556,511,588
dash_132_.jpg,1024,768,anquandai,580,481,613,524
dash_132_.jpg,1024,768,ranyou,233,183,257,209
dash_132_.jpg,1024,768,chemenweiguan,339,175,360,202
dash_133_.jpg,1024,768,fadongji,750,556,794,589
dash_133_.jpg,1024,768,linshitingche,919,566,960,604
dash_133_.jpg,1024,768,ranyou,708,194,730,220
dash_133_.jpg,1024,768,lengqueyegaowen,261,397,290,424
dash_133_.jpg,1024,768,chemenweiguan,812,187,829,217
dash_134_.jpg,1024,768,fadongji,401,491,427,513
dash_134_.jpg,1024,768,linshitingche,490,490,513,513
dash_134_.jpg,1024,768,anquandai,548,451,567,477
dash_134_.jpg,1024,768,ranyougai,904,422,924,437
dash_134_.jpg,1024,768,ranyou,367,291,380,308
dash_134_.jpg,1024,768,lengqueyegaowen,113,423,132,439
dash_134_.jpg,1024,768,chemenweiguan,423,290,435,308
dash_136_.jpg,1024,768,fadongji,782,80,832,121
dash_136_.jpg,1024,768,linshitingche,957,78,1009,126
dash_136_.jpg,1024,768,anquandai,870,645,910,693
dash_136_.jpg,1024,768,ranyou,665,193,694,228
dash_136_.jpg,1024,768,lengqueyegaowen,59,441,101,476
dash_136_.jpg,1024,768,linshitingche,763,201,802,236
dash_137_.jpg,1024,768,fadongji,404,261,429,281
dash_137_.jpg,1024,768,linshitingche,491,259,516,284
dash_137_.jpg,1024,768,anquandai,457,545,476,574
dash_137_.jpg,1024,768,ranyougai,948,462,974,485
dash_137_.jpg,1024,768,ranyou,344,321,361,341
dash_137_.jpg,1024,768,lengqueyegaowen,16,462,39,480
dash_137_.jpg,1024,768,linshitingche,397,320,414,338
dash_138_.jpg,1024,768,fadongji,424,262,448,282
dash_138_.jpg,1024,768,linshitingche,506,262,528,283
dash_138_.jpg,1024,768,anquandai,475,524,494,551
dash_138_.jpg,1024,768,ranyougai,924,445,947,463
dash_138_.jpg,1024,768,ranyou,369,318,383,336
dash_138_.jpg,1024,768,lengqueyegaowen,73,452,94,468
dash_138_.jpg,1024,768,linshitingche,418,319,434,335
dash_139_.jpg,1024,768,fadongji,416,259,445,278
dash_139_.jpg,1024,768,linshitingche,500,259,522,281
dash_139_.jpg,1024,768,anquandai,470,520,488,546
dash_139_.jpg,1024,768,ranyougai,927,443,953,466
dash_139_.jpg,1024,768,ranyou,364,316,381,333
dash_139_.jpg,1024,768,lengqueyegaowen,67,448,86,467
dash_139_.jpg,1024,768,linshitingche,411,316,430,332
dash_140_.jpg,1024,768,anquandai,145,463,180,509
dash_140_.jpg,1024,768,linshitingche,40,538,81,573
dash_140_.jpg,1024,768,ranyougai,718,372,751,397
dash_140_.jpg,1024,768,chemenweiguan,55,154,78,182
dash_141_.jpg,1024,768,anquandai,563,520,589,557
dash_141_.jpg,1024,768,linshitingche,470,582,504,612
dash_141_.jpg,1024,768,ranyou,263,269,280,291
dash_141_.jpg,1024,768,chemenweiguan,494,236,518,266
dash_141_.jpg,1024,768,chemenweiguan,363,266,382,291
dash_142_.jpg,1024,768,linshitingche,973,514,1013,556
dash_142_.jpg,1024,768,ranyou,756,182,775,201
dash_142_.jpg,1024,768,lengqueyegaowen,367,372,390,397
dash_142_.jpg,1024,768,chemenweiguan,862,177,881,201
dash_143_.jpg,1024,768,linshitingche,490,488,509,509
dash_143_.jpg,1024,768,anquandai,542,450,559,476
dash_143_.jpg,1024,768,ranyougai,864,415,882,427
dash_143_.jpg,1024,768,ranyou,366,310,378,322
dash_143_.jpg,1024,768,lengqueyegaowen,144,432,160,447
dash_143_.jpg,1024,768,chemenweiguan,424,305,433,322
dash_143_.jpg,1024,768,chemenweiguan,502,288,515,303
dash_144_.jpg,1024,768,anquandai,58,561,90,602
dash_144_.jpg,1024,768,ranyougai,802,403,843,436
dash_145_.jpg,1024,768,fadongji,367,93,413,128
dash_145_.jpg,1024,768,anquandai,448,538,478,575
dash_145_.jpg,1024,768,ranyou,277,185,302,215
dash_146_.jpg,1024,768,fadongji,750,109,796,146
dash_146_.jpg,1024,768,anquandai,813,559,843,599
dash_146_.jpg,1024,768,ranyou,653,204,676,232
dash_146_.jpg,1024,768,lengqueyegaowen,170,406,203,433
dash_147_.jpg,1024,768,fadongji,419,239,449,262
dash_147_.jpg,1024,768,anquandai,477,511,497,537
dash_147_.jpg,1024,768,ranyougai,947,433,974,451
dash_147_.jpg,1024,768,ranyou,365,296,381,314
dash_147_.jpg,1024,768,lengqueyegaowen,54,438,79,456
dash_148_.jpg,1024,768,fadongji,393,252,421,274
dash_148_.jpg,1024,768,linshitingche,486,250,512,274
dash_148_.jpg,1024,768,anquandai,448,552,469,577
dash_148_.jpg,1024,768,ranyougai,974,472,999,492
dash_148_.jpg,1024,768,ranyou,329,313,345,332
dash_148_.jpg,1024,768,linshitingche,383,314,405,332
dash_149_.jpg,1024,768,anquandai,444,645,482,689
dash_149_.jpg,1024,768,ranyou,510,647,546,682
dash_149_.jpg,1024,768,fadongji,351,113,399,150
dash_149_.jpg,1024,768,linshitingche,515,112,560,152
dash_149_.jpg,1024,768,ranyou,239,221,269,257
dash_149_.jpg,1024,768,linshitingche,334,224,368,254
dash_150_.jpg,1024,768,fadongji,321,101,367,136
dash_150_.jpg,1024,768,linshitingche,485,99,532,139
dash_150_.jpg,1024,768,anquandai,424,641,454,683
dash_150_.jpg,1024,768,ranyou,486,642,520,676
dash_150_.jpg,1024,768,ranyou,207,218,234,247
dash_150_.jpg,1024,768,linshitingche,305,216,340,249
dash_151_.jpg,1024,768,anquandai,409,623,447,672
dash_151_.jpg,1024,768,fadongji,304,51,357,89
dash_151_.jpg,1024,768,linshitingche,482,50,529,94
dash_151_.jpg,1024,768,ranyou,184,175,211,211
dash_151_.jpg,1024,768,linshitingche,287,174,322,209
dash_151_.jpg,1024,768,dianchijingshi,328,437,351,457
dash_153_.jpg,1024,768,fadongji,821,7,882,45
dash_153_.jpg,1024,768,anquandai,910,595,952,651
dash_153_.jpg,1024,768,ranyou,697,132,725,165
dash_153_.jpg,1024,768,lengqueyegaowen,68,395,108,430
dash_153_.jpg,1024,768,linshitingche,802,132,838,171
dash_154_.jpg,1024,768,fadongji,392,220,425,242
dash_154_.jpg,1024,768,linshitingche,489,219,517,244
dash_154_.jpg,1024,768,anquandai,460,520,480,550
dash_154_.jpg,1024,768,ranyougai,982,428,1009,452
dash_154_.jpg,1024,768,ranyou,335,284,352,304
dash_154_.jpg,1024,768,lengqueyegaowen,1,442,15,462
dash_154_.jpg,1024,768,linshitingche,386,286,412,305
dash_155_.jpg,1024,768,lengqueyegaowen,70,547,89,566
dash_159_.jpg,1024,768,lengqueyegaowen,57,537,78,553
dash_160_.jpg,1012,584,ESP_wendingkongzhi,460,101,521,164
dash_161_.jpg,1024,768,anquandai,59,402,90,439
dash_161_.jpg,1024,768,taiyadi,66,361,98,392
dash_161_.jpg,1024,768,fadongji,172,302,209,329
dash_161_.jpg,1024,768,ESP_wendingkongzhi,217,321,251,356
dash_161_.jpg,1024,768,ranyou,859,543,884,574
dash_161_.jpg,1024,768,tingchezhidongdeng,460,509,497,537
dash_161_.jpg,1024,768,linshitingche,505,505,539,540
dash_161_.jpg,1024,768,ranyougai,895,488,921,511
dash_161_.jpg,1024,768,lengqueyegaowen,119,499,142,520
dash_162_.jpg,1024,768,anquandai,407,394,436,432
dash_162_.jpg,1024,768,tingchezhidongdeng,802,508,836,543
dash_162_.jpg,1024,768,linshitingche,847,508,882,543
dash_162_.jpg,1024,768,taiyadi,411,355,444,386
dash_162_.jpg,1024,768,fadongji,515,296,546,328
dash_162_.jpg,1024,768,ESP_wendingkongzhi,554,315,587,353
dash_162_.jpg,1024,768,lengqueyegaowen,460,490,482,509
dash_163_.jpg,1024,768,linshitingche,502,476,525,497
dash_163_.jpg,1024,768,tingchezhidongdeng,470,473,498,497
dash_163_.jpg,1024,768,ranyou,752,498,773,521
dash_163_.jpg,1024,768,ESP_wendingkongzhi,295,338,320,366
dash_163_.jpg,1024,768,fadongji,265,326,290,348
dash_163_.jpg,1024,768,taiyadi,182,365,209,391
dash_163_.jpg,1024,768,anquandai,180,401,205,428
dash_163_.jpg,1024,768,ranyougai,779,458,799,476
dash_163_.jpg,1024,768,lengqueyegaowen,225,467,241,483
dash_164_.jpg,1024,768,ranyougai,791,446,811,463
dash_164_.jpg,1024,768,lengqueyegaowen,186,443,203,462
dash_165_.jpg,1024,768,tingchezhidongdeng,97,494,136,523
dash_165_.jpg,1024,768,linshitingche,144,489,180,526
dash_165_.jpg,1024,768,ranyou,484,505,512,533
dash_165_.jpg,1024,768,ranyougai,514,453,538,474
dash_166_.jpg,1024,768,fadongji,564,281,597,312
dash_166_.jpg,1024,768,anquandai,451,362,482,397
dash_166_.jpg,1024,768,tingchezhidongdeng,819,509,854,537
dash_166_.jpg,1024,768,linshitingche,863,511,898,547
dash_166_.jpg,1024,768,lengqueyegaowen,495,455,517,476
dash_167_.jpg,1024,768,anquandai,214,372,236,398
dash_167_.jpg,1024,768,fadongji,289,309,312,328
dash_167_.jpg,1024,768,ranyou,728,470,747,493
dash_167_.jpg,1024,768,linshitingche,502,444,524,466
dash_167_.jpg,1024,768,tingchezhidongdeng,474,446,495,466
dash_167_.jpg,1024,768,ranyougai,751,436,769,450
dash_167_.jpg,1024,768,lengqueyegaowen,252,435,268,450
dash_168_.jpg,1024,768,ranyou,467,527,492,554
dash_168_.jpg,1024,768,tingchezhidongdeng,113,512,147,537
dash_168_.jpg,1024,768,ranyougai,497,478,520,496
dash_168_.jpg,1024,768,ranyou,114,336,144,363
dash_169_.jpg,1024,768,tingchezhidongdeng,425,581,463,612
dash_169_.jpg,1024,768,ranyou,903,633,933,668
dash_169_.jpg,1024,768,ranyougai,944,565,978,596
dash_169_.jpg,1024,768,ranyou,434,343,467,379
dash_169_.jpg,1024,768,lengqueyegaowen,12,557,37,578
dash_170_.jpg,1024,768,anquandai,459,365,477,393
dash_170_.jpg,1024,768,tingchezhidongdeng,806,481,840,505
dash_170_.jpg,1024,768,ranyou,820,300,847,331
dash_170_.jpg,1024,768,lengqueyegaowen,501,449,521,470
dash_171_.jpg,1024,768,ranyou,721,499,740,519
dash_171_.jpg,1024,768,tingchezhidongdeng,470,476,491,493
dash_171_.jpg,1024,768,anquandai,224,404,240,426
dash_171_.jpg,1024,768,ranyougai,741,464,760,479
dash_171_.jpg,1024,768,ranyou,474,350,493,373
dash_171_.jpg,1024,768,lengqueyegaowen,258,464,271,478
dash_172_.jpg,1024,768,ranyou,489,562,520,591
dash_172_.jpg,1024,768,linshitingche,100,536,139,570
dash_172_.jpg,1024,768,tingchezhidongdeng,51,539,89,570
dash_172_.jpg,1024,768,ranyougai,525,501,554,524
dash_173_.jpg,1024,768,ranyou,894,615,927,651
dash_173_.jpg,1024,768,linshitingche,498,566,532,600
dash_173_.jpg,1024,768,tingchezhidongdeng,447,566,485,597
dash_173_.jpg,1024,768,fadongji,132,329,170,355
dash_173_.jpg,1024,768,anquandai,1,434,32,474
dash_173_.jpg,1024,768,ranyougai,937,558,967,582
dash_173_.jpg,1024,768,lengqueyegaowen,62,542,89,566
dash_174_.jpg,1024,768,anquandai,453,420,481,459
dash_174_.jpg,1024,768,fadongji,582,327,618,356
dash_174_.jpg,1024,768,tingchezhidongdeng,878,593,919,625
dash_174_.jpg,1024,768,linshitingche,930,597,973,636
dash_174_.jpg,1024,768,lengqueyegaowen,501,528,526,549
dash_175_.jpg,1024,768,fadongji,309,341,330,357
dash_175_.jpg,1024,768,anquandai,242,401,259,422
dash_175_.jpg,1024,768,tingchezhidongdeng,485,471,507,488
dash_175_.jpg,1024,768,linshitingche,514,469,532,488
dash_175_.jpg,1024,768,ranyou,509,301,537,335
dash_175_.jpg,1024,768,ranyou,727,493,747,512
dash_175_.jpg,1024,768,ranyougai,751,459,766,473
dash_175_.jpg,1024,768,lengqueyegaowen,275,459,289,472
dash_176_.jpg,1024,768,tingchezhidongdeng,447,665,501,704
dash_176_.jpg,1024,768,ranyou,460,345,505,393
dash_177_.jpg,1024,768,ranyou,481,609,517,648
dash_177_.jpg,1024,768,ranyougai,529,526,569,558
dash_178_.jpg,1024,768,anquandai,433,382,470,429
dash_178_.jpg,1024,768,fadongji,600,249,647,282
dash_178_.jpg,1024,768,lengqueyegaowen,507,524,538,549
dash_179_.jpg,1024,768,tingchezhidongdeng,482,449,508,468
dash_179_.jpg,1024,768,ranyou,778,477,797,499
dash_179_.jpg,1024,768,anquandai,186,362,208,387
dash_179_.jpg,1024,768,fadongji,268,292,295,312
dash_179_.jpg,1024,768,ranyougai,805,437,826,454
dash_179_.jpg,1024,768,ranyou,488,300,509,324
dash_179_.jpg,1024,768,lengqueyegaowen,227,434,245,449
dash_180_.jpg,1024,768,anquandai,196,427,217,451
dash_180_.jpg,1024,768,ranyougai,725,501,744,517
dash_180_.jpg,1024,768,lengqueyegaowen,233,503,255,518
dash_181_.jpg,1024,768,ranyou,499,571,526,601
dash_181_.jpg,1024,768,tingchezhidongdeng,89,562,128,588
dash_181_.jpg,1024,768,ranyougai,532,515,559,535
dash_182_.jpg,1024,768,ranyou,847,597,873,627
dash_182_.jpg,1024,768,tingchezhidongdeng,446,566,481,592
dash_182_.jpg,1024,768,anquandai,38,455,65,493
dash_182_.jpg,1024,768,ranyougai,880,539,908,564
dash_182_.jpg,1024,768,ranyou,479,293,524,341
dash_182_.jpg,1024,768,lengqueyegaowen,97,550,124,574
dash_183_.jpg,1024,768,anquandai,447,398,467,435
dash_183_.jpg,1024,768,tingchezhidongdeng,841,512,878,543
dash_183_.jpg,1024,768,ranyou,879,234,931,289
dash_183_.jpg,1024,768,lengqueyegaowen,498,489,524,512
dash_184_.jpg,1024,768,tingchezhidongdeng,479,477,501,495
dash_184_.jpg,1024,768,ranyou,709,500,725,519
dash_184_.jpg,1024,768,anquandai,250,409,264,435
dash_184_.jpg,1024,768,ranyougai,730,469,746,482
dash_184_.jpg,1024,768,ranyou,500,320,528,351
dash_184_.jpg,1024,768,lengqueyegaowen,280,465,296,478
dash_185_.jpg,1024,647,anquandai,218,384,237,406
dash_185_.jpg,1024,647,fadongji,293,319,315,337
dash_185_.jpg,1024,647,tingchezhidongdeng,474,456,499,475
dash_185_.jpg,1024,647,ranyou,731,480,748,502
dash_185_.jpg,1024,647,ranyougai,753,446,771,460
dash_185_.jpg,1024,647,lengqueyegaowen,254,442,271,458
dash_186_.jpg,1024,768,ranyou,493,574,524,608
dash_186_.jpg,1024,768,tingchezhidongdeng,28,553,74,587
dash_186_.jpg,1024,768,ranyougai,532,511,560,535
dash_186_.jpg,1024,768,ranyou,32,322,68,361
dash_187_.jpg,1024,768,tingchezhidongdeng,440,611,479,639
dash_187_.jpg,1024,768,ranyou,901,649,936,682
dash_187_.jpg,1024,768,ranyougai,943,582,975,612
dash_187_.jpg,1024,768,ranyou,445,380,480,413
dash_187_.jpg,1024,768,lengqueyegaowen,34,590,70,622
dash_188_.jpg,1024,768,anquandai,405,422,431,456
dash_188_.jpg,1024,768,tingchezhidongdeng,862,573,907,609
dash_188_.jpg,1024,768,ranyou,878,338,917,377
dash_188_.jpg,1024,768,lengqueyegaowen,464,528,493,560
dash_189_.jpg,1024,768,ranyou,729,502,747,523
dash_189_.jpg,1024,768,tingchezhidongdeng,473,481,496,499
dash_189_.jpg,1024,768,anquandai,217,413,237,432
dash_189_.jpg,1024,768,ranyougai,752,467,769,482
dash_189_.jpg,1024,768,ranyou,478,354,497,374
dash_189_.jpg,1024,768,lengqueyegaowen,256,471,273,486
dash_190_.jpg,1024,768,ranyou,460,552,489,581
dash_190_.jpg,1024,768,ranyougai,493,495,520,518
dash_190_.jpg,1024,768,ranyou,36,320,70,357
dash_191_.jpg,1024,768,ranyou,867,636,897,669
dash_191_.jpg,1024,768,anquandai,8,460,32,494
dash_191_.jpg,1024,768,ranyougai,905,578,935,604
dash_191_.jpg,1024,768,ranyou,446,374,477,408
dash_191_.jpg,1024,768,lengqueyegaowen,65,562,94,589
dash_192_.jpg,1024,768,anquandai,458,365,485,397
dash_192_.jpg,1024,768,ranyou,893,288,928,324
dash_192_.jpg,1024,768,lengqueyegaowen,511,459,540,487
dash_193_.jpg,1024,768,ranyou,737,521,755,541
dash_193_.jpg,1024,768,anquandai,205,426,221,446
dash_193_.jpg,1024,768,ranyougai,760,483,778,499
dash_193_.jpg,1024,768,ranyou,473,363,492,386
dash_193_.jpg,1024,768,lengqueyegaowen,241,485,259,502
dash_194_.jpg,1024,768,ranyou,823,511,844,537
dash_194_.jpg,1024,768,tingchezhidongdeng,470,474,501,501
dash_194_.jpg,1024,768,fadongji,207,282,239,307
dash_194_.jpg,1024,768,anquandai,105,370,128,404
dash_194_.jpg,1024,768,ranyou,507,228,547,278
dash_194_.jpg,1024,768,ranyougai,854,460,877,480
dash_194_.jpg,1024,768,lengqueyegaowen,156,455,179,478
dash_195_.jpg,1024,768,fadongji,267,281,294,303
dash_195_.jpg,1024,768,anquandai,187,348,209,375
dash_195_.jpg,1024,768,tingchezhidongdeng,468,431,494,451
dash_195_.jpg,1024,768,ranyou,746,457,764,480
dash_195_.jpg,1024,768,ranyougai,770,421,788,435
dash_195_.jpg,1024,768,lengqueyegaowen,225,414,244,432
dash_196_.jpg,1024,768,anquandai,176,409,194,430
dash_196_.jpg,1024,768,ranyou,763,521,782,541
dash_196_.jpg,1024,768,tingchezhidongdeng,473,496,500,515
dash_196_.jpg,1024,768,ranyougai,790,480,808,496
dash_196_.jpg,1024,768,lengqueyegaowen,216,477,236,495
dash_197_.jpg,1024,768,ranyou,487,583,522,617
dash_197_.jpg,1024,768,ranyougai,527,516,559,542
dash_198_.jpg,1024,768,fadongji,60,343,106,371
dash_198_.jpg,1024,768,ranyou,944,664,977,702
dash_198_.jpg,1024,768,ranyougai,988,595,1024,625
dash_199_.jpg,1024,768,fadongji,540,273,579,305
dash_199_.jpg,1024,768,anquandai,397,378,428,417
dash_199_.jpg,1024,768,ranyou,937,225,999,290
dash_199_.jpg,1024,768,lengqueyegaowen,455,488,484,516
dash_200_.jpg,1024,768,fadongji,283,365,306,383
dash_200_.jpg,1024,768,anquandai,213,428,229,447
dash_200_.jpg,1024,768,ranyou,725,524,741,544
dash_200_.jpg,1024,768,ranyougai,747,490,765,504
dash_200_.jpg,1024,768,lengqueyegaowen,247,486,266,502
dash_202_.jpg,1024,580,tingchezhidongdeng,470,403,490,421
dash_202_.jpg,1024,580,ranyou,475,279,494,298
dash_202_.jpg,1024,580,ranyou,722,426,738,446
dash_202_.jpg,1024,580,ranyougai,743,393,759,406
dash_202_.jpg,1024,580,anquandai,224,332,238,351
dash_202_.jpg,1024,580,jiyouyouweiguodi,257,392,271,406
dash_203_.jpg,1024,646,tingchezhidongdeng,474,394,497,415
dash_203_.jpg,1024,646,ranyou,479,254,499,275
dash_203_.jpg,1024,646,ranyou,754,422,774,440
dash_203_.jpg,1024,646,ranyougai,229,377,248,395
dash_203_.jpg,1024,646,fadongji,780,384,797,400
dash_203_.jpg,1024,646,anquandai,194,311,208,334
dash_204_.jpg,1024,768,tingchezhidongdeng,474,495,496,509
dash_204_.jpg,1024,768,ranyougai,717,491,732,505
dash_204_.jpg,1024,768,ranyou,697,523,713,539
dash_204_.jpg,1024,768,lengqueyegaowen,285,473,301,490
dash_204_.jpg,1024,768,fadongji,323,372,341,386
dash_204_.jpg,1024,768,anquandai,257,423,269,441
dash_205_.jpg,1024,768,tingchezhidongdeng,470,524,495,543
dash_205_.jpg,1024,768,ranyougai,790,516,809,534
dash_205_.jpg,1024,768,ranyou,458,380,479,402
dash_205_.jpg,1024,768,lengqueyegaowen,217,505,238,524
dash_205_.jpg,1024,768,anquandai,180,439,195,465
dash_205_.jpg,1024,768,qianwudeng,759,401,782,423
dash_206_.jpg,1024,768,tingchezhidongdeng,111,516,147,547
dash_206_.jpg,1024,768,ranyou,502,524,533,553
dash_206_.jpg,1024,768,ranyougai,535,471,561,490
dash_207_.jpg,1024,768,ranyougai,664,598,697,629
dash_208_.jpg,1024,768,fadongji,405,105,444,136
dash_208_.jpg,1024,768,anquandai,371,167,400,204
dash_209_.jpg,1024,768,lengqueyegaowen,270,595,302,627
dash_209_.jpg,1024,768,fadongji,917,139,958,174
dash_209_.jpg,1024,768,anquandai,877,196,905,236
dash_210_.jpg,1024,768,ranyougai,906,532,927,553
dash_210_.jpg,1024,768,lengqueyegaowen,121,524,141,545
dash_210_.jpg,1024,768,fadongji,462,249,483,263
dash_210_.jpg,1024,768,anquandai,440,277,461,301
dash_211_.jpg,1024,682,tingchezhidongdeng,836,384,869,407
dash_211_.jpg,1024,682,lengqueyegaowen,52,559,76,578
dash_211_.jpg,1024,682,fadongji,474,211,503,231
dash_211_.jpg,1024,682,anquandai,450,250,471,278
dash_212_.jpg,1024,768,ranyougai,696,544,728,572
dash_212_.jpg,1024,768,ranyou,82,287,120,325
dash_212_.jpg,1024,768,ranyou,5,450,36,480
dash_213_.jpg,1024,768,ranyou,512,274,547,312
dash_213_.jpg,1024,768,ranyougai,428,431,458,461
dash_213_.jpg,1024,768,anquandai,391,176,419,211
dash_214_.jpg,1024,768,ranyou,924,295,963,329
dash_214_.jpg,1024,768,ranyou,836,438,862,464
dash_214_.jpg,1024,768,lengqueyegaowen,350,519,372,539
dash_214_.jpg,1024,768,anquandai,812,194,842,229
dash_215_.jpg,1024,768,ranyougai,830,507,847,524
dash_215_.jpg,1024,768,ranyou,497,359,518,379
dash_215_.jpg,1024,768,ranyou,456,445,471,462
dash_215_.jpg,1024,768,lengqueyegaowen,178,524,192,537
dash_215_.jpg,1024,768,anquandai,432,305,448,328
dash_216_.jpg,1024,768,ranyougai,666,529,694,555
dash_216_.jpg,1024,768,fadongji,9,168,47,194
dash_217_.jpg,1024,768,fadongji,395,98,437,125
dash_217_.jpg,1024,768,anquandai,365,150,396,188
dash_218_.jpg,1024,768,lengqueyegaowen,390,516,411,539
dash_218_.jpg,1024,768,fadongji,883,153,922,179
dash_218_.jpg,1024,768,anquandai,852,197,883,232
dash_219_.jpg,1024,768,ranyougai,736,557,771,586
dash_220_.jpg,1024,768,ranyou,486,274,524,317
dash_220_.jpg,1024,768,ranyou,396,455,424,486
dash_220_.jpg,1024,768,fadongji,384,108,424,133
dash_220_.jpg,1024,768,anquandai,352,162,382,203
dash_221_.jpg,1024,768,ranyou,955,231,1002,275
dash_221_.jpg,1024,768,lengqueyegaowen,206,541,237,570
dash_221_.jpg,1024,768,fadongji,855,43,901,74
dash_221_.jpg,1024,768,anquandai,814,100,849,142
dash_222_.jpg,1024,768,ranyougai,870,591,890,610
dash_222_.jpg,1024,768,lengqueyegaowen,109,600,127,618
dash_222_.jpg,1024,768,fadongji,433,324,456,339
dash_222_.jpg,1024,768,anquandai,413,355,432,376
dash_223_.jpg,1024,768,tingchezhidongdeng,457,316,492,344
dash_223_.jpg,1024,768,ranyougai,687,504,715,531
dash_223_.jpg,1024,768,ranyou,102,264,140,301
dash_223_.jpg,1024,768,fadongji,1,124,41,145
dash_224_.jpg,1024,768,tingchezhidongdeng,836,339,869,364
dash_224_.jpg,1024,768,ranyou,495,280,528,315
dash_224_.jpg,1024,768,fadongji,405,143,440,166
dash_224_.jpg,1024,768,anquandai,378,188,405,219
dash_225_.jpg,1024,768,ranyou,850,284,885,320
dash_225_.jpg,1024,768,lengqueyegaowen,295,483,317,502
dash_225_.jpg,1024,768,fadongji,787,147,817,170
dash_225_.jpg,1024,768,anquandai,753,188,778,218
dash_226_.jpg,1024,768,tingchezhidongdeng,733,336,756,355
dash_226_.jpg,1024,768,ranyougai,881,468,902,486
dash_226_.jpg,1024,768,ranyou,506,297,530,318
dash_226_.jpg,1024,768,lengqueyegaowen,136,486,153,505
dash_226_.jpg,1024,768,fadongji,448,205,474,224
dash_226_.jpg,1024,768,anquandai,432,236,449,259
dash_227_.jpg,1024,768,ranyou,452,399,467,416
dash_227_.jpg,1024,768,ranyou,21,344,39,364
dash_227_.jpg,1024,768,anquandai,266,422,286,449
dash_227_.jpg,1024,768,jiyouyouweiguodi,988,362,1012,387
dash_227_.jpg,1024,768,dianchijingshi,609,352,636,377
dash_228_.jpg,1024,768,ranyou,273,507,285,522
dash_228_.jpg,1024,768,anquandai,109,531,124,556
dash_228_.jpg,1024,768,dianchijingshi,401,467,421,483
dash_228_.jpg,1024,768,jiyouyouweiguodi,686,461,706,481
dash_229_.jpg,1024,768,ranyou,644,505,657,520
dash_229_.jpg,1024,768,ranyou,306,444,319,460
dash_229_.jpg,1024,768,anquandai,493,516,507,539
dash_229_.jpg,1024,768,dianchijingshi,779,477,798,494
dash_230_.jpg,1024,768,ranyou,488,438,498,449
dash_230_.jpg,1024,768,ranyou,203,402,214,416
dash_230_.jpg,1024,768,anquandai,364,452,375,473
dash_230_.jpg,1024,768,jiyouyouweiguodi,839,414,856,430
dash_230_.jpg,1024,768,jiyouyouweiguodi,592,407,608,425
dash_230_.jpg,1024,768,dianchijingshi,592,409,608,423
dash_231_.jpg,1024,768,ranyou,461,548,476,564
dash_231_.jpg,1024,768,ranyou,837,570,870,604
dash_231_.jpg,1024,768,ranyou,28,491,44,512
dash_231_.jpg,1024,768,fadongji,231,575,260,595
dash_231_.jpg,1024,768,anquandai,272,574,290,600
dash_231_.jpg,1024,768,dianchijingshi,619,500,645,523
dash_231_.jpg,1024,768,linshitingche,858,514,880,536
dash_231_.jpg,1024,768,jiyouyouweiguodi,981,502,1007,529
dash_232_.jpg,1024,768,ranyou,189,494,202,508
dash_232_.jpg,1024,768,anquandai,10,527,33,550
dash_232_.jpg,1024,768,dianchijingshi,532,450,554,470
dash_232_.jpg,1024,768,linshitingche,536,449,552,469
dash_232_.jpg,1024,768,dianchijingshi,329,446,349,466
dash_233_.jpg,1024,768,ranyou,685,514,698,529
dash_233_.jpg,1024,768,ranyou,324,445,336,462
dash_233_.jpg,1024,768,fadongji,486,524,511,543
dash_233_.jpg,1024,768,anquandai,524,525,537,549
dash_233_.jpg,1024,768,dianchijingshi,831,484,852,506
dash_234_.jpg,1024,768,ranyou,467,493,480,508
dash_234_.jpg,1024,768,ranyou,84,453,99,470
dash_234_.jpg,1024,768,anquandai,303,518,321,543
dash_234_.jpg,1024,768,fadongji,263,519,293,539
dash_234_.jpg,1024,768,linshitingche,813,459,831,482
dash_234_.jpg,1024,768,dianchijingshi,605,450,625,470
dash_235_.jpg,1024,768,ranyou,570,668,615,714
dash_235_.jpg,1024,768,linshitingche,592,595,619,619
dash_235_.jpg,1024,768,dianchijingshi,287,594,318,623
dash_236_.jpg,1024,768,ranyou,284,536,305,561
dash_236_.jpg,1024,768,ranyou,828,650,849,674
dash_236_.jpg,1024,768,fadongji,527,659,563,687
dash_236_.jpg,1024,768,anquandai,582,659,605,694
dash_237_.jpg,1024,768,tingchezhidongdeng,403,340,447,374
dash_237_.jpg,1024,768,ranyougai,703,582,740,615
dash_238_.jpg,1024,768,tingchezhidongdeng,61,559,112,602
dash_238_.jpg,1024,768,ranyougai,489,237,529,262
dash_238_.jpg,1024,768,ranyou,392,430,422,459
dash_238_.jpg,1024,768,fadongjiguzhang,945,455,994,492
dash_238_.jpg,1024,768,anquandai,346,624,382,669
dash_238_.jpg,1024,768,dianchijingshi,879,512,929,545
dash_239_.jpg,1024,768,tingchezhidongdeng,582,570,633,605
dash_239_.jpg,1024,768,ranyou,920,455,947,487
dash_239_.jpg,1024,768,anquandai,861,648,898,693
dash_240_.jpg,1024,768,tingchezhidongdeng,535,275,568,305
dash_240_.jpg,1024,768,chemenweiguan,449,278,474,300
dash_241_.jpg,1024,768,tingchezhidongdeng,270,505,298,532
dash_241_.jpg,1024,768,ranyougai,494,325,521,342
dash_241_.jpg,1024,768,ranyou,827,438,848,461
dash_241_.jpg,1024,768,fadongjiguzhang,447,432,463,451
dash_241_.jpg,1024,768,fadongji,832,493,867,516
dash_241_.jpg,1024,768,fadongji,749,443,779,462
dash_241_.jpg,1024,768,anquandai,423,538,446,565
dash_241_.jpg,1024,768,dianchijingshi,716,472,741,490
dash_241_.jpg,1024,768,jiyouyouweiguodi,787,472,815,487
dash_242_.jpg,1024,768,ranyougai,502,374,524,389
dash_242_.jpg,1024,768,ranyou,826,493,847,516
dash_242_.jpg,1024,768,ranyou,448,478,467,496
dash_242_.jpg,1024,768,fadongji,834,550,867,571
dash_242_.jpg,1024,768,anquandai,424,583,444,609
dash_242_.jpg,1024,768,jiyouyouweiguodi,785,524,815,541
dash_242_.jpg,1024,768,dianchijingshi,715,524,743,542
dash_243_.jpg,1024,768,chemenweiguan,32,264,67,297
dash_244_.jpg,1024,768,chemenweiguan,825,279,855,312
dash_245_.jpg,1024,768,chemenweiguan,452,342,474,363
dash_246_.jpg,1024,768,tingchezhidongdeng,269,538,297,559
dash_246_.jpg,1024,768,ranyougai,485,374,505,389
dash_246_.jpg,1024,768,ranyou,788,483,807,501
dash_246_.jpg,1024,768,ranyou,436,473,450,489
dash_246_.jpg,1024,768,fadongjiguzhang,717,485,743,503
dash_246_.jpg,1024,768,fadongji,795,535,823,554
dash_246_.jpg,1024,768,anquandai,411,571,434,597
dash_246_.jpg,1024,768,jiyouyouweiguodi,749,512,779,528
dash_247_.jpg,1024,768,ranyou,409,333,432,359
dash_247_.jpg,1024,768,ranyou,489,295,515,323
dash_247_.jpg,1024,768,lengqueyegaowen,623,446,659,477
dash_248_.jpg,1024,768,ranyou,839,347,866,374
dash_248_.jpg,1024,768,ranyou,926,309,951,337
dash_251_.jpg,1024,768,tingchezhidongdeng,150,236,193,268
dash_251_.jpg,1024,768,ranyou,39,286,70,313
dash_251_.jpg,1024,768,anquandai,519,500,548,535
dash_251_.jpg,1024,768,qianwudeng,153,186,191,216
dash_252_.jpg,1024,768,tingchezhidongdeng,509,210,548,246
dash_252_.jpg,1024,768,ranyou,401,266,429,293
dash_252_.jpg,1024,768,fadongji,70,476,105,502
dash_252_.jpg,1024,768,anquandai,884,482,915,519
dash_252_.jpg,1024,768,jiyouyouweiguodi,129,482,169,499
dash_252_.jpg,1024,768,dianchijingshi,132,424,167,450
dash_252_.jpg,1024,768,qianwudeng,510,162,545,192
dash_253_.jpg,1024,768,tingchezhidongdeng,890,259,933,291
dash_253_.jpg,1024,768,ranyou,778,314,805,342
dash_253_.jpg,1024,768,fadongji,448,520,485,548
dash_253_.jpg,1024,768,qianwudeng,895,209,930,239
dash_253_.jpg,1024,768,jiyouyouweiguodi,505,523,541,545
dash_253_.jpg,1024,768,dianchijingshi,507,469,542,496
dash_254_.jpg,1024,768,tingchezhidongdeng,499,278,526,301
dash_254_.jpg,1024,768,ranyou,433,314,449,331
dash_254_.jpg,1024,768,fadongji,223,449,247,467
dash_254_.jpg,1024,768,anquandai,739,447,757,471
dash_254_.jpg,1024,768,dianchijingshi,261,417,284,433
dash_254_.jpg,1024,768,jiyouyouweiguodi,260,452,285,464
dash_254_.jpg,1024,768,qianwudeng,502,246,523,267
dash_255_.jpg,1024,768,ranyougai,170,293,199,309
dash_255_.jpg,1024,768,ranyou,107,412,127,432
dash_255_.jpg,1024,768,anquandai,70,534,97,567
dash_256_.jpg,1024,768,tingchezhidongdeng,360,481,377,497
dash_256_.jpg,1024,768,ranyougai,507,378,521,389
dash_256_.jpg,1024,768,ranyou,474,441,483,452
dash_256_.jpg,1024,768,anquandai,455,505,468,523
dash_257_.jpg,1024,768,tingchezhidongdeng,270,476,301,502
dash_257_.jpg,1024,768,ranyougai,514,293,539,310
dash_257_.jpg,1024,768,ranyou,461,403,477,421
dash_257_.jpg,1024,768,anquandai,432,510,454,542
dash_259_.jpg,1024,768,ranyougai,113,294,148,316
dash_259_.jpg,1024,768,ranyou,567,439,592,467
dash_259_.jpg,1024,768,ranyou,47,444,71,469
dash_259_.jpg,1024,768,fadongji,577,512,618,540
dash_259_.jpg,1024,768,anquandai,20,593,48,626
dash_259_.jpg,1024,768,jiyouyouweiguodi,513,484,549,505
dash_259_.jpg,1024,768,dianchijingshi,420,486,455,510
dash_260_.jpg,1024,768,tingchezhidongdeng,132,560,175,598
dash_260_.jpg,1024,768,ranyougai,495,290,528,312
dash_260_.jpg,1024,768,ranyou,411,454,434,481
dash_260_.jpg,1024,768,ranyou,999,476,1024,510
dash_260_.jpg,1024,768,anquandai,372,616,405,655
dash_260_.jpg,1024,768,dianchijingshi,826,524,867,552
dash_260_.jpg,1024,768,jiyouyouweiguodi,934,526,979,548
dash_261_.jpg,1024,768,tingchezhidongdeng,613,517,644,547
dash_261_.jpg,1024,768,anquandai,790,565,813,597
dash_261_.jpg,1024,768,ranyougai,894,320,920,339
dash_261_.jpg,1024,768,ranyou,826,442,844,464
dash_262_.jpg,1024,768,tingchezhidongdeng,259,522,287,548
dash_262_.jpg,1024,768,anquandai,413,555,435,583
dash_262_.jpg,1024,768,ranyougai,490,347,517,363
dash_262_.jpg,1024,768,ranyou,819,466,837,489
dash_262_.jpg,1024,768,ranyou,440,452,456,470
dash_262_.jpg,1024,768,fadongji,826,524,855,542
dash_262_.jpg,1024,768,jiyouyouweiguodi,776,498,807,513
dash_262_.jpg,1024,768,dianchijingshi,707,498,732,514
dash_264_.jpg,1024,768,ranyou,489,458,516,488
dash_264_.jpg,1024,768,ranyougai,33,313,63,334
dash_264_.jpg,1024,768,fadongji,503,536,540,560
dash_264_.jpg,1024,768,dianchijingshi,340,507,375,532
dash_264_.jpg,1024,768,jiyouyouweiguodi,436,505,471,524
dash_265_.jpg,1024,768,tingchezhidongdeng,173,537,213,568
dash_265_.jpg,1024,768,ranyougai,508,283,541,303
dash_265_.jpg,1024,768,ranyou,435,436,457,457
dash_265_.jpg,1024,768,ranyou,978,451,1009,486
dash_265_.jpg,1024,768,fadongji,991,535,1024,562
dash_265_.jpg,1024,768,anquandai,394,584,426,626
dash_265_.jpg,1024,768,dianchijingshi,819,498,857,525
dash_265_.jpg,1024,768,jiyouyouweiguodi,917,499,960,520
dash_266_.jpg,1024,768,tingchezhidongdeng,647,528,684,563
dash_266_.jpg,1024,768,anquandai,871,587,903,627
dash_266_.jpg,1024,768,ranyou,917,430,940,459
dash_267_.jpg,1024,768,tingchezhidongdeng,272,477,298,500
dash_267_.jpg,1024,768,ranyou,432,415,446,429
dash_267_.jpg,1024,768,ranyou,763,424,782,446
dash_267_.jpg,1024,768,ranyougai,479,323,498,335
dash_267_.jpg,1024,768,fadongji,770,475,796,492
dash_267_.jpg,1024,768,anquandai,407,507,427,531
dash_268_.jpg,1024,768,ranyou,545,443,580,478
dash_268_.jpg,1024,768,ranyougai,25,266,63,292
dash_269_.jpg,1024,768,tingchezhidongdeng,551,542,595,578
dash_269_.jpg,1024,768,ranyou,851,463,878,489
dash_269_.jpg,1024,768,ranyougai,959,306,995,331
dash_269_.jpg,1024,768,anquandai,786,627,820,670
dash_270_.jpg,1024,768,tingchezhidongdeng,86,562,141,597
dash_270_.jpg,1024,768,ranyou,391,444,414,470
dash_270_.jpg,1024,768,ranyougai,478,274,513,297
dash_270_.jpg,1024,768,anquandai,344,616,378,659
dash_271_.jpg,1024,768,tingchezhidongdeng,348,502,369,519
dash_271_.jpg,1024,768,ranyou,473,454,485,466
dash_271_.jpg,1024,768,ranyougai,510,383,525,392
dash_271_.jpg,1024,768,ranyou,730,465,745,480
dash_271_.jpg,1024,768,anquandai,453,527,470,545
dash_272_.jpg,1024,768,tingchezhidongdeng,197,276,236,305
dash_272_.jpg,1024,768,ranyou,106,319,136,347
dash_272_.jpg,1024,768,anquandai,509,485,533,516
dash_273_.jpg,1024,768,tingchezhidongdeng,820,312,858,350
dash_273_.jpg,1024,768,ranyou,731,352,756,382
dash_273_.jpg,1024,768,fadongji,458,499,492,526
dash_273_.jpg,1024,768,jiyouyouweiguodi,507,461,540,489
dash_273_.jpg,1024,768,jiyouyouweiguodi,501,504,540,526
dash_273_.jpg,1024,768,dianchijingshi,508,463,540,486
dash_274_.jpg,1024,768,tingchezhidongdeng,502,326,538,350
dash_274_.jpg,1024,768,ranyou,434,364,457,388
dash_274_.jpg,1024,768,fadongji,217,508,247,528
dash_274_.jpg,1024,768,anquandai,769,502,789,529
dash_274_.jpg,1024,768,chemenweiguan,435,327,459,351
dash_274_.jpg,1024,768,jiyouyouweiguodi,254,510,284,527
dash_274_.jpg,1024,768,jiyouyouweiguodi,254,473,284,493
dash_277_.jpg,1024,768,ranyou,543,437,569,465
dash_277_.jpg,1024,768,ranyou,57,447,78,472
dash_277_.jpg,1024,768,ranyougai,117,308,148,328
dash_277_.jpg,1024,768,fadongji,559,508,594,535
dash_277_.jpg,1024,768,anquandai,32,585,62,620
dash_277_.jpg,1024,768,dianchijingshi,405,483,436,509
dash_277_.jpg,1024,768,jiyouyouweiguodi,492,482,531,501
dash_278_.jpg,1024,768,tingchezhidongdeng,566,522,600,549
dash_278_.jpg,1024,768,ranyou,790,431,811,451
dash_278_.jpg,1024,768,ranyougai,855,296,886,315
dash_278_.jpg,1024,768,anquandai,759,563,784,597
dash_279_.jpg,1024,768,tingchezhidongdeng,328,459,348,476
dash_279_.jpg,1024,768,ranyougai,498,330,516,341
dash_279_.jpg,1024,768,ranyou,461,407,472,419
dash_279_.jpg,1024,768,ranyou,740,418,756,435
dash_279_.jpg,1024,768,fadongji,745,459,769,475
dash_279_.jpg,1024,768,anquandai,443,485,458,505
dash_279_.jpg,1024,768,jiyouyouweiguodi,708,442,731,453
dash_279_.jpg,1024,768,dianchijingshi,658,439,677,454
dash_280_.jpg,1024,768,tingchezhidongdeng,71,272,128,309
dash_280_.jpg,1024,768,anquandai,486,553,517,589
dash_281_.jpg,1024,768,tingchezhidongdeng,513,309,563,349
dash_281_.jpg,1024,768,ranyou,394,368,433,412
dash_281_.jpg,1024,768,anquandai,949,602,985,639
dash_282_.jpg,1024,768,tingchezhidongdeng,970,328,1021,370
dash_282_.jpg,1024,768,ranyou,847,376,884,413
dash_283_.jpg,1024,768,tingchezhidongdeng,512,336,547,364
dash_283_.jpg,1024,768,ranyou,430,374,456,402
dash_283_.jpg,1024,768,anquandai,805,536,828,563
dash_284_.jpg,1024,768,tingchezhidongdeng,306,545,331,568
dash_284_.jpg,1024,768,ranyou,459,478,476,495
dash_284_.jpg,1024,768,ranyougai,504,388,522,400
dash_284_.jpg,1024,768,fadongji,790,529,818,549
dash_284_.jpg,1024,768,anquandai,439,570,457,594
dash_284_.jpg,1024,768,dianchijingshi,690,509,713,528
dash_284_.jpg,1024,768,jiyouyouweiguodi,747,509,776,526
dash_285_.jpg,1024,768,tingchezhidongdeng,115,271,165,314
dash_285_.jpg,1024,768,ranyou,1,330,39,370
dash_285_.jpg,1024,768,anquandai,535,542,567,580
dash_285_.jpg,1024,768,chemenweiguan,1,270,40,311
dash_286_.jpg,1024,768,tingchezhidongdeng,513,182,563,220
dash_286_.jpg,1024,768,ranyou,394,241,431,278
dash_286_.jpg,1024,768,fadongji,30,478,78,509
dash_286_.jpg,1024,768,anquandai,940,473,976,513
dash_286_.jpg,1024,768,chemenweiguan,391,181,434,222
dash_286_.jpg,1024,768,jiyouyouweiguodi,93,477,144,509
dash_286_.jpg,1024,768,dianchijingshi,94,419,141,452
dash_287_.jpg,1024,768,tingchezhidongdeng,947,268,997,309
dash_287_.jpg,1024,768,ranyou,825,320,863,356
dash_287_.jpg,1024,768,fadongji,462,522,505,555
dash_287_.jpg,1024,768,chemenweiguan,828,260,867,299
dash_287_.jpg,1024,768,dianchijingshi,524,468,570,506
dash_287_.jpg,1024,768,jiyouyouweiguodi,519,528,566,556
dash_288_.jpg,1024,768,tingchezhidongdeng,521,318,547,339
dash_288_.jpg,1024,768,ranyou,462,348,481,365
dash_288_.jpg,1024,768,fadongji,286,463,310,483
dash_288_.jpg,1024,768,anquandai,729,460,749,483
dash_288_.jpg,1024,768,chemenweiguan,460,317,483,337
dash_288_.jpg,1024,768,jiyouyouweiguodi,314,463,339,478
dash_288_.jpg,1024,768,dianchijingshi,316,434,340,453
dash_289_.jpg,1024,768,tingchezhidongdeng,509,316,543,341
dash_289_.jpg,1024,768,ranyou,432,358,456,382
dash_289_.jpg,1024,768,fadongji,190,524,225,543
dash_289_.jpg,1024,768,chemenweiguan,428,319,460,343
dash_290_.jpg,1024,768,ranyougai,159,329,187,347
dash_290_.jpg,1024,768,ranyou,101,460,123,482
dash_290_.jpg,1024,768,ranyou,559,447,586,474
dash_290_.jpg,1024,768,fadongji,574,512,608,538
dash_290_.jpg,1024,768,anquandai,80,591,105,624
dash_290_.jpg,1024,768,dianchijingshi,429,493,460,513
dash_290_.jpg,1024,768,jiyouyouweiguodi,514,487,547,504
dash_291_.jpg,1024,768,ranyougai,499,289,526,308
dash_291_.jpg,1024,768,ranyou,890,428,916,458
dash_291_.jpg,1024,768,ranyou,440,417,457,437
dash_291_.jpg,1024,768,fadongji,900,498,936,520
dash_291_.jpg,1024,768,anquandai,407,543,431,574
dash_291_.jpg,1024,768,dianchijingshi,758,468,789,489
dash_291_.jpg,1024,768,jiyouyouweiguodi,840,468,875,485
dash_292_.jpg,1024,768,ranyougai,855,319,886,336
dash_292_.jpg,1024,768,ranyou,788,444,808,466
dash_292_.jpg,1024,768,anquandai,754,570,780,601
dash_293_.jpg,1024,768,ranyougai,512,363,532,379
dash_293_.jpg,1024,768,ranyou,782,464,799,484
dash_293_.jpg,1024,768,ranyou,469,453,481,467
dash_293_.jpg,1024,768,fadongji,790,510,816,530
dash_293_.jpg,1024,768,anquandai,445,541,463,566
dash_293_.jpg,1024,768,dianchijingshi,690,490,713,507
dash_293_.jpg,1024,768,jiyouyouweiguodi,749,491,771,502
dash_294_.jpg,1024,768,tingchezhidongdeng,39,318,88,356
dash_294_.jpg,1024,768,anquandai,482,614,511,653
dash_295_.jpg,1024,768,tingchezhidongdeng,505,289,544,321
dash_295_.jpg,1024,768,ranyou,380,342,410,377
dash_295_.jpg,1024,768,anquandai,930,589,961,627
dash_295_.jpg,1024,768,dianchijingshi,70,524,112,553
dash_295_.jpg,1024,768,jiyouyouweiguodi,67,587,112,612
dash_295_.jpg,1024,768,fadongji,1,587,38,620
dash_297_.jpg,1024,768,tingchezhidongdeng,508,350,534,371
dash_297_.jpg,1024,768,ranyou,438,386,455,404
dash_297_.jpg,1024,768,anquandai,757,520,775,545
dash_297_.jpg,1024,768,dianchijingshi,260,490,283,511
dash_297_.jpg,1024,768,jiyouyouweiguodi,259,528,286,545
dfasfasdfasf.jpg,389,277,ranyougai,239,40,249,50
dfasfasdfasf.jpg,389,277,taiyadi,315,141,329,152
fd61658b13a1d1faa2779b6691971f80.jpg,543,309,ranyou,272,158,301,188
fd61658b13a1d1faa2779b6691971f80.jpg,543,309,fadongji,62,71,105,100
fd61658b13a1d1faa2779b6691971f80.jpg,543,309,fadongji,225,169,257,190
fd61658b13a1d1faa2779b6691971f80.jpg,543,309,jiyouyouweiguodi,199,207,230,222
fd61658b13a1d1faa2779b6691971f80.jpg,543,309,dianchijingshi,206,249,233,271
par2_dash_3_.jpg,296,170,taiyadi,188,112,202,126
par2_dash_45_.jpg,268,188,lengqueyegaowen,95,62,113,78
par2_dash_45_.jpg,268,188,anquandai,182,91,198,108
par2_dash_45_.jpg,268,188,jiyouyouweiguodi,99,91,117,102
par2_dash_45_.jpg,268,188,ESP_wendingkongzhi,189,63,203,82
par2_dash_5_.jpg,319,158,ranyougai,73,1,84,10
par2_dash_5_.jpg,319,158,lengqueyegaowen,100,1,111,9
par2_dash_5_.jpg,319,158,anquandai,73,135,85,151
par2_dash_5_.jpg,319,158,chemenweiguan,122,134,134,150
par2_dash_5_.jpg,319,158,dianchijingshi,68,116,87,128
par2_dash_5_.jpg,319,158,jiyouyouweiguodi,93,116,112,126
par2_dash_81_.jpg,214,200,ranyou,98,167,111,182
par2_dash_81_.jpg,214,200,anquandai,114,79,126,95
par2_dash_81_.jpg,214,200,taiyadi,132,79,146,91
par2_dash_81_.jpg,214,200,ESP_wendingkongzhi,84,51,98,66
par2_dash_96_.jpg,500,351,ranyou,187,261,196,272
par2_dash_96_.jpg,500,351,fadongji,278,127,293,138
par2_dash_96_.jpg,500,351,anquandai,212,141,222,155
par2_dash_96_.jpg,500,351,chemenweiguan,229,142,240,155
par2_dash_96_.jpg,500,351,qianwudeng,229,126,240,139
par2_dash_96_.jpg,500,351,dianchijingshi,261,143,276,154
sadfasf.jpg,671,325,tingchezhidongdeng,567,128,588,145
sadfasf.jpg,671,325,ranyou,318,147,333,162
sadfasf.jpg,671,325,tingchezhidongdeng,530,117,551,132
sadfasf.jpg,671,325,ranyou,546,227,560,241
sadfasf.jpg,671,325,fadongji,171,199,196,217
sadfasf.jpg,671,325,dianchijingshi,90,146,113,160
sadfasf.jpg,671,325,ESP_wendingkongzhi,556,103,574,122
xflsaiou104.jpg,1024,768,ranyougai,461,468,479,482
xflsaiou104.jpg,1024,768,ranyou,166,496,183,515
xflsaiou104.jpg,1024,768,lengqueyegaowen,513,469,527,482
xflsaiou104.jpg,1024,768,fadongji,165,529,190,550
xflsaiou105.jpg,1024,768,ranyougai,849,527,886,553
xflsaiou105.jpg,1024,768,ranyou,315,534,353,571
xflsaiou105.jpg,1024,768,lengqueyegaowen,945,537,973,563
xflsaiou105.jpg,1024,768,fadongji,311,595,354,629
xflsaiou105.jpg,1024,768,anquandai,303,350,329,380
xflsaiou106.jpg,1024,768,ranyougai,136,500,171,525
xflsaiou106.jpg,1024,768,lengqueyegaowen,233,503,260,523
xflsaiou129.jpg,1024,768,ranyougai,478,470,498,487
xflsaiou129.jpg,1024,768,ranyou,159,503,176,522
xflsaiou129.jpg,1024,768,lengqueyegaowen,533,471,550,485
xflsaiou129.jpg,1024,768,anquandai,138,388,149,409
xflsaiou13.jpg,1024,768,ranyougai,482,439,503,456
xflsaiou13.jpg,1024,768,ranyou,152,491,170,512
xflsaiou13.jpg,1024,768,lengqueyegaowen,542,441,558,454
xflsaiou130.jpg,1024,768,ranyougai,827,482,859,508
xflsaiou130.jpg,1024,768,ranyou,259,517,289,553
xflsaiou130.jpg,1024,768,lengqueyegaowen,926,487,953,510
xflsaiou131.jpg,1024,768,ranyougai,86,482,119,507
xflsaiou131.jpg,1024,768,lengqueyegaowen,186,481,213,507
xflsaiou14.jpg,1024,768,ranyougai,887,459,925,487
xflsaiou14.jpg,1024,768,ranyou,286,507,320,545
xflsaiou14.jpg,1024,768,lengqueyegaowen,1001,467,1024,495
xflsaiou14.jpg,1024,768,anquandai,256,300,280,332
xflsaiou148.jpg,1024,768,ranyougai,494,485,521,507
xflsaiou148.jpg,1024,768,lengqueyegaowen,570,486,591,504
xflsaiou148.jpg,1024,768,fadongji,70,599,105,626
xflsaiou15.jpg,1024,768,ranyougai,461,452,494,479
xflsaiou15.jpg,1024,768,lengqueyegaowen,567,456,593,479
xflsaiou16.jpg,1024,768,ranyougai,69,456,105,484
xflsaiou16.jpg,1024,768,lengqueyegaowen,178,455,210,477
xflsaiou174.jpg,1024,768,ranyougai,473,418,494,437
xflsaiou174.jpg,1024,768,lengqueyegaowen,533,421,549,434
xflsaiou174.jpg,1024,768,fadongji,144,504,171,524
xflsaiou175.jpg,1024,768,ranyougai,786,423,814,448
xflsaiou175.jpg,1024,768,lengqueyegaowen,875,425,901,445
xflsaiou175.jpg,1024,768,fadongji,306,546,344,573
xflsaiou175.jpg,1024,768,anquandai,275,321,293,351
xflsaiou176.jpg,1024,768,ranyougai,458,460,494,488
xflsaiou176.jpg,1024,768,lengqueyegaowen,568,461,596,485
xflsaiou177.jpg,1024,768,ranyougai,94,462,128,489
xflsaiou177.jpg,1024,768,lengqueyegaowen,201,459,228,482
xflsaiou218.jpg,1024,768,ranyougai,476,478,498,496
xflsaiou218.jpg,1024,768,lengqueyegaowen,536,482,555,497
xflsaiou218.jpg,1024,768,fadongji,116,562,147,588
xflsaiou218.jpg,1024,768,chemenweiguan,579,278,597,301
xflsaiou219.jpg,1024,768,ranyougai,792,502,824,531
xflsaiou219.jpg,1024,768,lengqueyegaowen,882,513,909,537
xflsaiou219.jpg,1024,768,fadongji,280,572,323,603
xflsaiou219.jpg,1024,768,anquandai,270,338,291,368
xflsaiou219.jpg,1024,768,chemenweiguan,972,217,1001,252
xflsaiou220.jpg,1024,768,ranyougai,430,486,468,522
xflsaiou220.jpg,1024,768,lengqueyegaowen,551,490,579,519
xflsaiou220.jpg,1024,768,chemenweiguan,632,92,669,136
xflsaiou221.jpg,1024,768,ranyougai,42,530,78,562
xflsaiou221.jpg,1024,768,lengqueyegaowen,150,520,182,547
xflsaiou221.jpg,1024,768,chemenweiguan,191,163,228,201
xflsaiou249.jpg,963,410,ranyougai,458,292,481,311
xflsaiou249.jpg,963,410,lengqueyegaowen,521,295,540,312
xflsaiou249.jpg,963,410,anquandai,77,198,91,223
xflsaiou249.jpg,963,410,chemenweiguan,569,88,589,112
xflsaiou270.jpg,814,414,ranyougai,390,222,411,239
xflsaiou270.jpg,814,414,lengqueyegaowen,447,221,465,238
xflsaiou270.jpg,814,414,fadongji,51,320,80,342
xflsaiou270.jpg,814,414,chemenweiguan,486,45,504,68
xflsaiou275.jpg,704,382,ranyougai,255,227,277,243
xflsaiou275.jpg,704,382,lengqueyegaowen,317,230,327,239
xflsaiou276.jpg,623,343,ranyougai,386,211,403,227
xflsaiou276.jpg,623,343,lengqueyegaowen,438,214,452,228
xflsaiou276.jpg,623,343,fadongji,76,268,101,286
xflsaiou276.jpg,623,343,anquandai,61,120,75,140
xflsaiou276.jpg,623,343,chemenweiguan,481,44,497,65
xflsaiou287.jpg,860,436,ranyougai,431,257,451,272
xflsaiou287.jpg,860,436,lengqueyegaowen,490,257,507,272
xflsaiou287.jpg,860,436,fadongji,77,344,106,364
xflsaiou287.jpg,860,436,chemenweiguan,530,58,548,83
xflsaiou43.jpg,1024,768,ranyougai,474,428,491,444
xflsaiou43.jpg,1024,768,ranyou,193,470,211,490
xflsaiou43.jpg,1024,768,lengqueyegaowen,525,431,538,443
xflsaiou43.jpg,1024,768,fadongji,194,504,217,519
xflsaiou43.jpg,1024,768,chemenweiguan,559,278,580,298
xflsaiou44.jpg,1024,768,ranyougai,790,487,819,510
xflsaiou44.jpg,1024,768,ranyou,372,526,397,552
xflsaiou44.jpg,1024,768,lengqueyegaowen,870,494,896,514
xflsaiou44.jpg,1024,768,fadongji,370,574,402,596
xflsaiou44.jpg,1024,768,chemenweiguan,934,259,967,291
xflsaiou45.jpg,1024,768,ranyougai,456,447,483,467
xflsaiou45.jpg,1024,768,ranyou,31,509,56,538
xflsaiou45.jpg,1024,768,lengqueyegaowen,531,449,551,466
xflsaiou45.jpg,1024,768,fadongji,28,558,64,584
xflsaiou45.jpg,1024,768,chemenweiguan,583,223,608,251
xflsaiou46.jpg,1024,768,ranyougai,144,468,173,495
xflsaiou46.jpg,1024,768,lengqueyegaowen,226,470,246,489
xflsaiou46.jpg,1024,768,chemenweiguan,276,240,304,267
xflsaiou76.jpg,1024,768,ranyougai,827,486,863,516
xflsaiou76.jpg,1024,768,ranyou,281,532,312,566
xflsaiou76.jpg,1024,768,lengqueyegaowen,931,493,957,517
xflsaiou76.jpg,1024,768,fadongji,281,593,323,624
xflsaiou76.jpg,1024,768,anquandai,248,338,269,369
xflsaiou77.jpg,1024,768,ranyougai,457,464,491,492
xflsaiou77.jpg,1024,768,lengqueyegaowen,555,466,578,486
xflsaiou78.jpg,1024,768,ranyougai,98,484,134,509
xflsaiou78.jpg,1024,768,lengqueyegaowen,198,484,224,504
